epoch,time,train/box_loss,train/cls_loss,train/dfl_loss,metrics/precision(B),metrics/recall(B),metrics/mAP50(B),metrics/mAP50-95(B),val/box_loss,val/cls_loss,val/dfl_loss,lr/pg0,lr/pg1,lr/pg2
1,19.5243,2.0626,2.99475,1.49721,1,0.16848,0.47212,0.28901,1.27686,2.62629,1.13276,0.000549997,0.000549997,0.000549997
2,39.0365,1.54061,1.38242,1.23361,0.99251,0.98116,0.995,0.63133,1.333,0.97048,1.25764,0.00110019,0.00110019,0.00110019
3,57.4441,1.46097,1.12846,1.21106,0.98808,1,0.995,0.59905,1.42942,0.77944,1.3101,0.00164488,0.00164488,0.00164488
4,76.6927,1.47171,1.01758,1.22855,0.99438,1,0.995,0.66926,1.19753,0.64865,1.19187,0.00164225,0.00164225,0.00164225
5,96.093,1.41358,0.87992,1.21023,0.99146,1,0.995,0.58361,1.49924,0.65811,1.3373,0.00163399,0.00163399,0.00163399
6,111.225,1.45136,0.84087,1.23923,0.9904,1,0.995,0.68434,1.18355,0.56079,1.17828,0.00162574,0.00162574,0.00162574
7,126.375,1.37712,0.74546,1.18846,0.98343,1,0.995,0.66086,1.17379,0.53718,1.17538,0.00161749,0.00161749,0.00161749
8,141.495,1.3915,0.74805,1.19461,0.98971,1,0.995,0.68153,1.11973,0.55695,1.14313,0.00160924,0.00160924,0.00160924
9,157.097,1.36028,0.70837,1.18475,0.99177,1,0.995,0.70012,1.17874,0.49859,1.15773,0.00160099,0.00160099,0.00160099
10,171.947,1.36154,0.68906,1.18215,0.98838,1,0.995,0.67742,1.18222,0.55022,1.1786,0.00159274,0.00159274,0.00159274
11,187.045,1.36712,0.67987,1.21084,0.99238,1,0.995,0.65778,1.30806,0.53241,1.22523,0.00158448,0.00158448,0.00158448
12,202.119,1.37685,0.66958,1.19968,0.99437,1,0.995,0.71747,1.14154,0.47932,1.15811,0.00157623,0.00157623,0.00157623
13,217.485,1.35429,0.65951,1.17977,0.9939,1,0.995,0.71927,1.15969,0.48106,1.17269,0.00156798,0.00156798,0.00156798
14,233.517,1.34067,0.65915,1.18277,0.99344,1,0.995,0.68864,1.1268,0.46181,1.14423,0.00155973,0.00155973,0.00155973
15,248.929,1.35462,0.65471,1.2086,0.99074,1,0.995,0.70675,1.17319,0.48965,1.16387,0.00155148,0.00155148,0.00155148
16,264.093,1.37379,0.62671,1.19387,0.99028,1,0.995,0.67773,1.21498,0.47749,1.17709,0.00154323,0.00154323,0.00154323
17,279.403,1.31456,0.60097,1.19241,0.99244,1,0.995,0.69875,1.17031,0.43902,1.15806,0.00153497,0.00153497,0.00153497
18,294.757,1.33673,0.61056,1.19463,0.99272,1,0.995,0.68898,1.20475,0.45764,1.18675,0.00152672,0.00152672,0.00152672
19,310.318,1.33129,0.61587,1.17236,0.99049,1,0.995,0.68939,1.16113,0.44978,1.16777,0.00151847,0.00151847,0.00151847
20,327.295,1.32015,0.59914,1.18649,0.99032,1,0.995,0.67891,1.1714,0.47667,1.16698,0.00151022,0.00151022,0.00151022
21,343.031,1.32521,0.63326,1.17437,0.99039,1,0.995,0.69546,1.19298,0.4863,1.17605,0.00150197,0.00150197,0.00150197
22,358.088,1.35123,0.60879,1.20346,0.99034,1,0.995,0.70627,1.14482,0.48442,1.17874,0.00149372,0.00149372,0.00149372
23,373.43,1.32098,0.58988,1.18359,0.99424,1,0.995,0.69138,1.18162,0.46434,1.17606,0.00148546,0.00148546,0.00148546
24,389.092,1.30333,0.57252,1.18843,0.99396,1,0.995,0.70015,1.15835,0.44323,1.16105,0.00147721,0.00147721,0.00147721
25,404.893,1.29304,0.5676,1.1606,0.99242,1,0.995,0.7075,1.12274,0.46139,1.14824,0.00146896,0.00146896,0.00146896
26,421.047,1.30087,0.60393,1.1799,0.99212,1,0.995,0.6986,1.17767,0.4587,1.16567,0.00146071,0.00146071,0.00146071
27,436.522,1.27979,0.58632,1.16029,0.99179,1,0.995,0.71399,1.12106,0.42143,1.13556,0.00145246,0.00145246,0.00145246
28,451.617,1.31528,0.59224,1.18582,0.99024,1,0.995,0.70238,1.11353,0.41501,1.13871,0.00144421,0.00144421,0.00144421
29,467.187,1.3097,0.57361,1.18243,0.99343,1,0.995,0.69708,1.18345,0.44683,1.15621,0.00143595,0.00143595,0.00143595
30,482.708,1.31049,0.58612,1.16776,0.99305,1,0.995,0.69406,1.12677,0.44103,1.13514,0.0014277,0.0014277,0.0014277
31,498.177,1.32791,0.57236,1.18106,0.99494,1,0.995,0.71966,1.1348,0.44159,1.14448,0.00141945,0.00141945,0.00141945
32,513.411,1.32987,0.58613,1.18874,0.99028,1,0.995,0.70729,1.16868,0.45799,1.16793,0.0014112,0.0014112,0.0014112
33,528.624,1.26825,0.54478,1.15182,0.99649,1,0.995,0.74741,1.12054,0.41795,1.14587,0.00140295,0.00140295,0.00140295
34,543.814,1.29757,0.55722,1.14679,0.99221,1,0.995,0.6824,1.16933,0.44134,1.15573,0.0013947,0.0013947,0.0013947
35,559.279,1.28685,0.56497,1.16198,0.99496,1,0.995,0.6966,1.16429,0.46281,1.1637,0.00138644,0.00138644,0.00138644
36,577.551,1.29543,0.5648,1.16283,0.98304,1,0.995,0.74923,1.11227,0.44073,1.14862,0.00137819,0.00137819,0.00137819
37,593.789,1.29308,0.56669,1.16746,0.99304,1,0.995,0.68923,1.12641,0.44502,1.13967,0.00136994,0.00136994,0.00136994
38,609.198,1.29333,0.55125,1.18206,0.9939,1,0.995,0.71235,1.12262,0.43162,1.14528,0.00136169,0.00136169,0.00136169
39,624.437,1.30278,0.55155,1.18345,0.99431,1,0.995,0.72842,1.12546,0.43636,1.14113,0.00135344,0.00135344,0.00135344
40,639.846,1.2966,0.56049,1.16031,0.99089,1,0.995,0.69629,1.15759,0.44462,1.15129,0.00134519,0.00134519,0.00134519
41,654.922,1.29112,0.5556,1.17493,0.99506,1,0.995,0.71112,1.17466,0.42824,1.17057,0.00133693,0.00133693,0.00133693
42,670.558,1.27685,0.55134,1.16577,0.99216,1,0.995,0.72348,1.14912,0.46052,1.15799,0.00132868,0.00132868,0.00132868
43,686.157,1.29909,0.55438,1.1753,0.9926,1,0.995,0.72732,1.1412,0.41999,1.14994,0.00132043,0.00132043,0.00132043
44,701.832,1.24788,0.53672,1.1423,0.99506,1,0.995,0.72791,1.18698,0.44217,1.15977,0.00131218,0.00131218,0.00131218
45,717.33,1.27371,0.54691,1.17142,0.99187,1,0.995,0.71614,1.13081,0.43536,1.14059,0.00130393,0.00130393,0.00130393
46,732.849,1.26474,0.55247,1.16521,0.99448,1,0.995,0.70316,1.14515,0.41454,1.1527,0.00129568,0.00129568,0.00129568
47,748.224,1.28738,0.55188,1.17964,0.99245,1,0.995,0.70733,1.18051,0.44266,1.16775,0.00128742,0.00128742,0.00128742
48,763.73,1.29928,0.54237,1.16201,0.99383,1,0.995,0.7012,1.14677,0.41575,1.15446,0.00127917,0.00127917,0.00127917
49,779.062,1.28721,0.54576,1.17005,0.9922,1,0.995,0.69355,1.13542,0.41589,1.13425,0.00127092,0.00127092,0.00127092
50,793.973,1.26094,0.5224,1.15945,0.99471,1,0.995,0.70445,1.17553,0.40308,1.14953,0.00126267,0.00126267,0.00126267
51,808.922,1.2523,0.52873,1.15494,0.99206,1,0.995,0.73165,1.2048,0.40396,1.17911,0.00125442,0.00125442,0.00125442
52,825.808,1.25372,0.53851,1.14477,0.99027,1,0.995,0.73578,1.13434,0.41097,1.13131,0.00124617,0.00124617,0.00124617
53,840.757,1.26417,0.52825,1.15599,0.99389,1,0.995,0.7253,1.11961,0.40547,1.1243,0.00123791,0.00123791,0.00123791
54,855.962,1.27859,0.53502,1.17269,0.9907,1,0.995,0.73043,1.14635,0.40655,1.14487,0.00122966,0.00122966,0.00122966
55,870.908,1.23841,0.53261,1.13667,0.99121,1,0.995,0.73188,1.12915,0.41715,1.13225,0.00122141,0.00122141,0.00122141
56,885.697,1.24429,0.52051,1.13633,0.99557,1,0.995,0.70457,1.19593,0.44227,1.17511,0.00121316,0.00121316,0.00121316
57,900.747,1.28282,0.5289,1.1606,0.99008,1,0.995,0.687,1.204,0.4178,1.15787,0.00120491,0.00120491,0.00120491
58,915.846,1.25645,0.52785,1.15677,0.99521,1,0.995,0.68703,1.18403,0.40436,1.15427,0.00119666,0.00119666,0.00119666
59,930.903,1.22691,0.51144,1.13326,0.99538,1,0.995,0.72305,1.13027,0.40469,1.12779,0.0011884,0.0011884,0.0011884
60,945.911,1.22314,0.51679,1.15449,0.99506,1,0.995,0.73231,1.10742,0.3788,1.1066,0.00118015,0.00118015,0.00118015
61,960.833,1.20929,0.51337,1.14669,0.99358,1,0.995,0.69898,1.20588,0.4228,1.16026,0.0011719,0.0011719,0.0011719
62,975.866,1.22469,0.52746,1.13838,0.99346,1,0.995,0.71277,1.13042,0.40758,1.14031,0.00116365,0.00116365,0.00116365
63,991.373,1.21792,0.51242,1.13616,0.99414,1,0.995,0.72335,1.11598,0.3995,1.1277,0.0011554,0.0011554,0.0011554
64,1006.68,1.22369,0.5032,1.12434,0.9948,1,0.995,0.70761,1.19861,0.40727,1.15593,0.00114715,0.00114715,0.00114715
65,1022.34,1.20561,0.52024,1.13957,0.99184,1,0.995,0.70519,1.21307,0.41646,1.16529,0.00113889,0.00113889,0.00113889
66,1037.77,1.23105,0.51542,1.12042,0.99405,1,0.995,0.69318,1.21241,0.40752,1.16927,0.00113064,0.00113064,0.00113064
67,1052.96,1.22025,0.51861,1.13992,0.9939,1,0.995,0.70057,1.17755,0.42202,1.13425,0.00112239,0.00112239,0.00112239
68,1070.13,1.20373,0.49712,1.14342,0.99395,1,0.995,0.69885,1.22995,0.42513,1.16537,0.00111414,0.00111414,0.00111414
69,1085.45,1.21935,0.50723,1.13503,1,1,0.995,0.70554,1.22185,0.42461,1.16251,0.00110589,0.00110589,0.00110589
70,1100.88,1.21987,0.50706,1.13196,0.99381,1,0.995,0.72305,1.1884,0.41291,1.15861,0.00109764,0.00109764,0.00109764
71,1116.12,1.20789,0.50621,1.13294,0.99513,1,0.995,0.70894,1.20226,0.40372,1.16292,0.00108938,0.00108938,0.00108938
72,1131.84,1.18959,0.49933,1.12979,0.99328,1,0.995,0.69709,1.20481,0.40565,1.15399,0.00108113,0.00108113,0.00108113
73,1147.21,1.19855,0.49434,1.12579,0.99195,1,0.995,0.70967,1.15577,0.40946,1.13535,0.00107288,0.00107288,0.00107288
74,1162.69,1.17798,0.49516,1.13315,0.99178,1,0.995,0.67738,1.21858,0.43191,1.16911,0.00106463,0.00106463,0.00106463
75,1178.74,1.18364,0.49135,1.11689,0.99438,1,0.995,0.701,1.19498,0.40597,1.15558,0.00105638,0.00105638,0.00105638
76,1194.28,1.17214,0.50122,1.11631,0.99501,1,0.995,0.72541,1.07203,0.39716,1.1261,0.00104813,0.00104813,0.00104813
77,1210.06,1.17622,0.49808,1.12834,0.99476,1,0.995,0.72532,1.13103,0.40268,1.10949,0.00103987,0.00103987,0.00103987
78,1225.56,1.2025,0.50648,1.1318,0.99536,1,0.995,0.72294,1.17561,0.40638,1.1475,0.00103162,0.00103162,0.00103162
79,1240.79,1.16466,0.50269,1.11648,0.99356,1,0.995,0.7185,1.17885,0.39836,1.16332,0.00102337,0.00102337,0.00102337
80,1256.1,1.1796,0.5035,1.11556,0.99456,1,0.995,0.71324,1.17784,0.4057,1.15678,0.00101512,0.00101512,0.00101512
81,1271.61,1.1575,0.48931,1.11774,0.99731,1,0.995,0.6947,1.21504,0.41125,1.17761,0.00100687,0.00100687,0.00100687
82,1286.77,1.1479,0.49492,1.109,0.99758,1,0.995,0.7197,1.12869,0.40363,1.1232,0.000998616,0.000998616,0.000998616
83,1302.29,1.17144,0.49683,1.12243,0.99366,1,0.995,0.71991,1.11875,0.38566,1.13245,0.000990365,0.000990365,0.000990365
84,1319.2,1.15031,0.49653,1.10587,0.9937,1,0.995,0.69133,1.19967,0.4145,1.16809,0.000982113,0.000982113,0.000982113
85,1334.68,1.16012,0.49015,1.11299,0.99597,1,0.995,0.7302,1.12734,0.39908,1.12104,0.000973861,0.000973861,0.000973861
86,1350.15,1.16974,0.498,1.11618,0.99403,1,0.995,0.69548,1.19059,0.39289,1.15278,0.00096561,0.00096561,0.00096561
87,1365.93,1.15069,0.48088,1.0977,1,1,0.995,0.72733,1.17984,0.39873,1.13614,0.000957358,0.000957358,0.000957358
88,1381.31,1.12333,0.47494,1.09447,0.99616,1,0.995,0.71528,1.22659,0.42358,1.14535,0.000949106,0.000949106,0.000949106
89,1396.42,1.13843,0.47782,1.11485,0.997,1,0.995,0.71414,1.19255,0.42903,1.14072,0.000940855,0.000940855,0.000940855
90,1411.39,1.13368,0.48534,1.09042,0.99763,1,0.995,0.68311,1.245,0.41349,1.17011,0.000932603,0.000932603,0.000932603
91,1426.46,1.11179,0.48594,1.10011,0.99432,1,0.995,0.69653,1.16712,0.40839,1.15891,0.000924352,0.000924352,0.000924352
92,1441.74,1.1303,0.48384,1.08492,0.9949,1,0.995,0.71341,1.18402,0.41789,1.16494,0.0009161,0.0009161,0.0009161
93,1456.94,1.1025,0.47914,1.07583,0.9951,1,0.995,0.65286,1.31751,0.42547,1.23218,0.000907848,0.000907848,0.000907848
94,1472.32,1.14409,0.4814,1.10454,0.994,1,0.995,0.70119,1.22259,0.40253,1.18834,0.000899597,0.000899597,0.000899597
95,1487.57,1.09003,0.46421,1.08157,0.99349,1,0.995,0.6976,1.18601,0.395,1.16483,0.000891345,0.000891345,0.000891345
96,1502.87,1.09712,0.47698,1.07902,0.9943,1,0.995,0.68744,1.2199,0.39073,1.16352,0.000883093,0.000883093,0.000883093
97,1518.35,1.10227,0.47621,1.08476,0.9977,1,0.995,0.69753,1.22072,0.39779,1.17927,0.000874842,0.000874842,0.000874842
98,1533.75,1.10911,0.4748,1.10151,0.99231,1,0.995,0.65589,1.23136,0.40764,1.18973,0.00086659,0.00086659,0.00086659
99,1549.39,1.09148,0.47507,1.07126,0.99362,1,0.995,0.66255,1.30078,0.42512,1.19359,0.000858338,0.000858338,0.000858338
100,1564.96,1.10349,0.47213,1.07498,0.99282,1,0.995,0.65479,1.34041,0.42005,1.21389,0.000850087,0.000850087,0.000850087
101,1582.61,1.08569,0.47486,1.07022,0.99452,1,0.995,0.66741,1.22479,0.41141,1.17553,0.000841835,0.000841835,0.000841835
102,1598.03,1.08298,0.46483,1.07036,0.99522,1,0.995,0.67599,1.23365,0.42053,1.19176,0.000833583,0.000833583,0.000833583
103,1613.17,1.06626,0.47304,1.05643,0.99766,1,0.995,0.65023,1.24363,0.4304,1.19092,0.000825332,0.000825332,0.000825332
104,1628.29,1.0738,0.4613,1.07243,0.99297,1,0.995,0.70788,1.188,0.40275,1.16062,0.00081708,0.00081708,0.00081708
105,1643.51,1.05846,0.46577,1.05952,0.99387,1,0.995,0.67169,1.19782,0.42888,1.19418,0.000808828,0.000808828,0.000808828
106,1658.96,1.08273,0.47095,1.07091,0.99465,1,0.995,0.67248,1.213,0.39884,1.16916,0.000800577,0.000800577,0.000800577
107,1674.3,1.03381,0.4477,1.05312,0.9945,1,0.995,0.697,1.13602,0.39942,1.15183,0.000792325,0.000792325,0.000792325
108,1689.32,1.0671,0.46685,1.06635,0.99196,1,0.995,0.70254,1.16389,0.37842,1.14726,0.000784073,0.000784073,0.000784073
109,1704.52,1.05552,0.46789,1.04795,0.99534,1,0.995,0.68019,1.17607,0.39054,1.16732,0.000775822,0.000775822,0.000775822
110,1719.78,1.01747,0.44366,1.04292,0.99463,1,0.995,0.69168,1.23982,0.40798,1.18593,0.00076757,0.00076757,0.00076757
111,1734.97,1.04905,0.4506,1.06369,0.99469,1,0.995,0.69755,1.2528,0.43539,1.1571,0.000759318,0.000759318,0.000759318
112,1750.38,1.01835,0.45734,1.05242,0.99348,1,0.995,0.65748,1.31005,0.42654,1.21295,0.000751067,0.000751067,0.000751067
113,1766.14,1.03569,0.45027,1.05628,0.99446,1,0.995,0.69153,1.23437,0.40648,1.17617,0.000742815,0.000742815,0.000742815
114,1782.1,1.02566,0.44669,1.03635,0.99388,1,0.995,0.65997,1.27024,0.42903,1.20798,0.000734564,0.000734564,0.000734564
115,1797.51,1.00103,0.4381,1.04597,0.99329,1,0.995,0.69421,1.19802,0.42217,1.17872,0.000726312,0.000726312,0.000726312
116,1812.59,1.02008,0.44012,1.04702,0.99376,1,0.995,0.69274,1.20647,0.4194,1.16886,0.00071806,0.00071806,0.00071806
117,1829.36,1.00628,0.44152,1.04432,0.99349,1,0.995,0.68726,1.28539,0.41188,1.21537,0.000709809,0.000709809,0.000709809
118,1844.42,1.01416,0.44068,1.04293,0.99305,1,0.995,0.68988,1.32155,0.43135,1.2467,0.000701557,0.000701557,0.000701557
119,1859.42,1.0002,0.43633,1.04476,0.9939,1,0.995,0.68736,1.28927,0.4162,1.21955,0.000693305,0.000693305,0.000693305
120,1874.54,0.99768,0.42573,1.04754,0.99516,1,0.995,0.66861,1.27922,0.40803,1.21441,0.000685054,0.000685054,0.000685054
121,1889.69,1.01425,0.45462,1.0461,0.992,1,0.995,0.67968,1.30244,0.4393,1.25056,0.000676802,0.000676802,0.000676802
122,1904.94,0.97251,0.42672,1.0279,0.99425,1,0.995,0.67133,1.29287,0.42283,1.20906,0.00066855,0.00066855,0.00066855
123,1920.11,0.97672,0.43854,1.02108,0.99412,1,0.995,0.66109,1.29965,0.43716,1.23219,0.000660299,0.000660299,0.000660299
124,1935.29,0.99859,0.43914,1.03704,0.99385,1,0.995,0.67814,1.24372,0.44404,1.18118,0.000652047,0.000652047,0.000652047
125,1950.83,1.00488,0.44393,1.04254,0.98807,1,0.995,0.67928,1.31112,0.4323,1.23463,0.000643795,0.000643795,0.000643795
126,1966.71,0.98989,0.436,1.0183,0.9927,1,0.995,0.6757,1.29153,0.43988,1.20697,0.000635544,0.000635544,0.000635544
127,1982.02,0.9555,0.42908,1.02584,0.9945,1,0.995,0.68622,1.25989,0.42922,1.18802,0.000627292,0.000627292,0.000627292
128,1997.15,0.97696,0.43568,1.04476,0.99438,1,0.995,0.67516,1.21356,0.40972,1.17028,0.00061904,0.00061904,0.00061904
129,2012.54,0.95146,0.41881,1.01079,0.99779,1,0.995,0.69534,1.25321,0.4078,1.17236,0.000610789,0.000610789,0.000610789
130,2027.8,0.96936,0.43909,1.03565,0.99616,1,0.995,0.65892,1.33251,0.41822,1.25112,0.000602537,0.000602537,0.000602537
131,2042.98,0.96476,0.43551,1.02457,0.99441,1,0.995,0.67733,1.26091,0.40375,1.21651,0.000594286,0.000594286,0.000594286
132,2058.17,0.95499,0.43258,1.02361,0.99468,1,0.995,0.70871,1.22096,0.40516,1.19464,0.000586034,0.000586034,0.000586034
133,2073.88,0.92724,0.42016,1.0002,0.99304,1,0.995,0.69053,1.24328,0.39701,1.18182,0.000577782,0.000577782,0.000577782
134,2090.3,0.93665,0.42411,1.0182,0.9945,1,0.995,0.67879,1.29198,0.40319,1.22731,0.000569531,0.000569531,0.000569531
135,2105.6,0.94602,0.42818,1.01828,0.99453,1,0.995,0.66389,1.28922,0.40774,1.23682,0.000561279,0.000561279,0.000561279
136,2121.29,0.93534,0.41186,1.01254,0.99543,1,0.995,0.67632,1.22122,0.39517,1.19237,0.000553027,0.000553027,0.000553027
137,2137.25,0.94795,0.42571,1.01676,0.99422,1,0.995,0.66975,1.26109,0.40776,1.21718,0.000544776,0.000544776,0.000544776
138,2152.72,0.91651,0.41436,0.99916,0.99543,1,0.995,0.67878,1.25795,0.39581,1.22149,0.000536524,0.000536524,0.000536524
139,2167.83,0.92018,0.41211,1.00037,0.99438,1,0.995,0.67368,1.23665,0.38773,1.21667,0.000528272,0.000528272,0.000528272
140,2183.07,0.91943,0.41575,0.99334,0.99454,1,0.995,0.6992,1.17779,0.36957,1.14786,0.000520021,0.000520021,0.000520021
141,2198.26,0.90969,0.41938,0.9926,0.99575,1,0.995,0.68597,1.25689,0.39146,1.18313,0.000511769,0.000511769,0.000511769
142,2213.53,0.90347,0.41701,0.98221,0.99435,1,0.995,0.67102,1.25696,0.40219,1.20529,0.000503517,0.000503517,0.000503517
143,2228.74,0.90418,0.40869,1.00541,0.9968,1,0.995,0.69156,1.21794,0.38313,1.18983,0.000495266,0.000495266,0.000495266
144,2244.01,0.89389,0.40458,0.99783,0.994,1,0.995,0.67113,1.26502,0.39308,1.21164,0.000487014,0.000487014,0.000487014
145,2259.44,0.92478,0.41631,1.00271,0.99415,1,0.995,0.67556,1.30293,0.39489,1.22107,0.000478762,0.000478762,0.000478762
146,2274.75,0.91565,0.40983,1.01355,0.99402,1,0.995,0.65777,1.27603,0.39423,1.20695,0.000470511,0.000470511,0.000470511
147,2290.04,0.91394,0.40076,1.00621,0.99721,1,0.995,0.66626,1.25065,0.38215,1.21583,0.000462259,0.000462259,0.000462259
148,2305.67,0.88709,0.40234,0.98369,0.99698,1,0.995,0.66203,1.35738,0.41339,1.28592,0.000454007,0.000454007,0.000454007
149,2321.63,0.87009,0.39886,0.98574,0.99439,1,0.995,0.64011,1.29802,0.39807,1.26396,0.000445756,0.000445756,0.000445756
150,2339.37,0.86139,0.40671,0.98569,0.99681,1,0.995,0.65027,1.37211,0.41207,1.28979,0.000437504,0.000437504,0.000437504
151,2354.53,0.88134,0.40231,0.99166,0.99373,1,0.995,0.64396,1.36473,0.42169,1.2844,0.000429253,0.000429253,0.000429253
152,2369.73,0.90299,0.41012,0.99258,0.99501,1,0.995,0.6567,1.34461,0.41984,1.2676,0.000421001,0.000421001,0.000421001
153,2385.09,0.8949,0.40401,1.00027,0.99769,1,0.995,0.64714,1.38368,0.42794,1.28736,0.000412749,0.000412749,0.000412749
154,2400.35,0.8829,0.4046,0.98924,0.9943,1,0.995,0.6381,1.3557,0.42094,1.28296,0.000404498,0.000404498,0.000404498
155,2415.63,0.86962,0.3862,0.9809,0.99425,1,0.995,0.65776,1.37199,0.4178,1.2775,0.000396246,0.000396246,0.000396246
156,2430.93,0.87114,0.40056,0.98251,0.99422,1,0.995,0.65088,1.32727,0.40393,1.25928,0.000387994,0.000387994,0.000387994
157,2446.31,0.86016,0.40786,0.98151,0.99491,1,0.995,0.64579,1.337,0.41534,1.28013,0.000379743,0.000379743,0.000379743
158,2461.64,0.86536,0.39522,0.98556,0.99512,1,0.995,0.66106,1.31592,0.41108,1.28686,0.000371491,0.000371491,0.000371491
159,2477.3,0.86075,0.39103,0.97179,0.99369,1,0.995,0.65514,1.31112,0.40422,1.27581,0.000363239,0.000363239,0.000363239
160,2493.46,0.85105,0.39114,0.97462,0.99445,1,0.995,0.66882,1.26753,0.39541,1.23328,0.000354988,0.000354988,0.000354988
161,2509.75,0.85321,0.39229,0.98607,0.9945,1,0.995,0.64168,1.33618,0.42183,1.27386,0.000346736,0.000346736,0.000346736
162,2526.1,0.84623,0.39272,0.98484,0.99457,1,0.995,0.67786,1.24117,0.39386,1.21667,0.000338484,0.000338484,0.000338484
163,2542.07,0.8291,0.38239,0.96326,0.99489,1,0.995,0.65439,1.32783,0.40254,1.25918,0.000330233,0.000330233,0.000330233
164,2557.66,0.82471,0.37851,0.9644,0.9945,1,0.995,0.67001,1.30942,0.40615,1.26846,0.000321981,0.000321981,0.000321981
165,2573.19,0.82446,0.38744,0.97123,0.99444,1,0.995,0.65106,1.32339,0.41065,1.2733,0.000313729,0.000313729,0.000313729
166,2588.9,0.83161,0.38169,0.96751,0.99483,1,0.995,0.66777,1.32454,0.40696,1.27187,0.000305478,0.000305478,0.000305478
167,2606.07,0.8214,0.3857,0.97424,0.9976,1,0.995,0.6411,1.41212,0.42955,1.3165,0.000297226,0.000297226,0.000297226
168,2621.66,0.84793,0.3902,0.9657,0.99457,1,0.995,0.64624,1.33567,0.41095,1.30095,0.000288974,0.000288974,0.000288974
169,2637.33,0.82375,0.37933,0.9642,0.99467,1,0.995,0.6349,1.31734,0.41599,1.30747,0.000280723,0.000280723,0.000280723
170,2653.27,0.80784,0.37364,0.96444,0.99436,1,0.995,0.66396,1.33403,0.41517,1.29057,0.000272471,0.000272471,0.000272471
171,2669.41,0.81267,0.3776,0.95271,0.99454,1,0.995,0.66883,1.31472,0.40625,1.28922,0.00026422,0.00026422,0.00026422
172,2685.53,0.80029,0.38057,0.95123,0.99473,1,0.995,0.666,1.31352,0.40759,1.28147,0.000255968,0.000255968,0.000255968
173,2701.24,0.799,0.37759,0.95003,0.9942,1,0.995,0.66213,1.29769,0.39157,1.2741,0.000247716,0.000247716,0.000247716
174,2717.13,0.79772,0.36939,0.96332,0.99785,1,0.995,0.66614,1.31084,0.39061,1.27835,0.000239465,0.000239465,0.000239465
175,2732.83,0.79794,0.37054,0.95775,0.99783,1,0.995,0.66358,1.34361,0.41562,1.28953,0.000231213,0.000231213,0.000231213
176,2748.63,0.77525,0.37085,0.956,0.99785,1,0.995,0.66343,1.36514,0.40918,1.2916,0.000222961,0.000222961,0.000222961
177,2764.41,0.79793,0.37191,0.95824,0.99783,1,0.995,0.66545,1.31095,0.39541,1.26651,0.00021471,0.00021471,0.00021471
178,2779.87,0.76712,0.35992,0.93606,0.99767,1,0.995,0.65944,1.2958,0.38655,1.255,0.000206458,0.000206458,0.000206458
179,2795.62,0.77531,0.36823,0.94149,0.9968,1,0.995,0.6794,1.32656,0.39981,1.2772,0.000198206,0.000198206,0.000198206
180,2811.03,0.80482,0.36674,0.96359,0.99494,1,0.995,0.67007,1.3225,0.39398,1.28045,0.000189955,0.000189955,0.000189955
181,2826.84,0.80061,0.37574,0.95779,0.99781,1,0.995,0.66294,1.34519,0.39449,1.2928,0.000181703,0.000181703,0.000181703
182,2842.4,0.78452,0.37068,0.95511,0.99783,1,0.995,0.66093,1.34786,0.40273,1.29573,0.000173451,0.000173451,0.000173451
183,2860.71,0.7998,0.37002,0.95034,0.99537,1,0.995,0.66527,1.31817,0.38487,1.27446,0.0001652,0.0001652,0.0001652
184,2876.17,0.76359,0.36433,0.94141,0.99432,1,0.995,0.67215,1.30089,0.39946,1.26876,0.000156948,0.000156948,0.000156948
185,2891.76,0.79496,0.37908,0.94555,0.99455,1,0.995,0.65964,1.30455,0.40159,1.25765,0.000148696,0.000148696,0.000148696
186,2907.28,0.76947,0.36659,0.94647,0.99484,1,0.995,0.64738,1.30081,0.40724,1.27555,0.000140445,0.000140445,0.000140445
187,2922.92,0.77065,0.36647,0.94216,0.99445,1,0.995,0.65489,1.29115,0.39815,1.27043,0.000132193,0.000132193,0.000132193
188,2938.68,0.77095,0.36435,0.93753,0.99466,1,0.995,0.65502,1.31863,0.39796,1.29028,0.000123941,0.000123941,0.000123941
189,2954.05,0.77155,0.37087,0.94307,0.99496,1,0.995,0.64245,1.32417,0.39932,1.29322,0.00011569,0.00011569,0.00011569
190,2969.75,0.77305,0.36619,0.94542,0.99464,1,0.995,0.6587,1.31941,0.39337,1.27955,0.000107438,0.000107438,0.000107438
191,2987.27,0.78933,0.35195,0.96988,0.99462,1,0.995,0.6683,1.27977,0.38617,1.23622,9.91865e-05,9.91865e-05,9.91865e-05
192,3002.2,0.73247,0.3394,0.94967,0.99523,1,0.995,0.65256,1.31123,0.40007,1.26104,9.09349e-05,9.09349e-05,9.09349e-05
193,3017.07,0.74367,0.34276,0.95599,0.99469,1,0.995,0.6613,1.32502,0.40687,1.26899,8.26832e-05,8.26832e-05,8.26832e-05
194,3031.95,0.72062,0.32695,0.94746,0.9945,1,0.995,0.67544,1.30354,0.3977,1.25663,7.44316e-05,7.44316e-05,7.44316e-05
195,3046.76,0.71151,0.32991,0.95396,0.99493,1,0.995,0.65787,1.31246,0.40014,1.26189,6.61799e-05,6.61799e-05,6.61799e-05
196,3061.64,0.734,0.33586,0.95808,0.99489,1,0.995,0.66221,1.32819,0.40398,1.26705,5.79283e-05,5.79283e-05,5.79283e-05
197,3076.54,0.69532,0.32628,0.94443,0.99467,1,0.995,0.66798,1.32285,0.4036,1.26784,4.96766e-05,4.96766e-05,4.96766e-05
198,3091.36,0.70505,0.32832,0.94095,0.99475,1,0.995,0.66608,1.3281,0.39946,1.27299,4.1425e-05,4.1425e-05,4.1425e-05
199,3106.45,0.7107,0.326,0.94917,0.99454,1,0.995,0.66972,1.31521,0.40307,1.26172,3.31733e-05,3.31733e-05,3.31733e-05
200,3122.97,0.68739,0.32106,0.9406,0.99461,1,0.995,0.67062,1.325,0.4004,1.26532,2.49217e-05,2.49217e-05,2.49217e-05
